BEGIN TRANSACTION;
CREATE TABLE IF NOT EXISTS "degrees" (
	"id"	INTEGER NOT NULL,
	"name"	TEXT NOT NULL,
	PRIMARY KEY("id" AUTOINCREMENT)
);
CREATE TABLE IF NOT EXISTS "locations" (
	"id"	INTEGER NOT NULL,
	"name"	TEXT NOT NULL,
	PRIMARY KEY("id" AUTOINCREMENT)
);
CREATE TABLE IF NOT EXISTS "users" (
	"id"	INTEGER,
	"login"	TEXT NOT NULL UNIQUE,
	"degree_id"	INTEGER NOT NULL,
	CONSTRAINT "users_fk_degree_id" FOREIGN KEY("degree_id") REFERENCES "degrees"("id")
);
CREATE TABLE IF NOT EXISTS "users_locations" (
	"user_id"	INTEGER NOT NULL,
	"location_id"	INTEGER NOT NULL
);
INSERT INTO "degrees" ("id","name") VALUES (1,'Secondary'),
 (2,'Primary'),
 (3,'Bachelor'),
 (4,'Master'),
 (5,'Doctor'),
 (6,'Professor');
INSERT INTO "locations" ("id","name") VALUES (1,'Pernambuco'),
 (2,'Sucre'),
 (4,'Baden Württemberg'),
 (6,'Novosibirsk Oblast'),
 (7,'Rajasthan'),
 (8,'Drenthe'),
 (11,'Southwestern Tagalog Region'),
 (12,'São Paulo'),
 (13,'Sląskie'),
 (15,'Delta'),
 (18,'Lazio'),
 (19,'Iowa'),
 (20,'Liguria'),
 (22,'Podlaskie'),
 (24,'Massachusetts'),
 (25,'Central Region'),
 (26,'Aisén'),
 (27,'Vienna'),
 (29,'Toscana'),
 (30,'Kocaeli'),
 (31,'Languedoc-Roussillon'),
 (32,'Magallanes y Antártica Chilena'),
 (33,'Mersin'),
 (34,'Gävleborgs län'),
 (37,'Santa Catarina'),
 (38,'Dalarnas län'),
 (39,'Nordrhein-Westphalen'),
 (40,'Loreto'),
 (41,'Gauteng'),
 (42,'Odisha'),
 (43,'Heredia'),
 (44,'Balıkesir'),
 (45,'Kirovohrad oblast'),
 (47,'Henegouwen'),
 (48,'Zeeland'),
 (50,'Gujarat'),
 (51,'Namen'),
 (52,'Alberta'),
 (53,'łódzkie'),
 (54,'Troms og Finnmark'),
 (55,'Huádōng'),
 (56,'Maranhão'),
 (57,'Australian Capital Territory'),
 (61,'Midlothian'),
 (62,'Tyrol'),
 (63,'Östergötlands län'),
 (64,'British Columbia'),
 (65,'Sóc Trăng'),
 (66,'Magadan Oblast'),
 (67,'South Island'),
 (68,'Novgorod Oblast'),
 (69,'Delaware'),
 (70,'Tiền Giang'),
 (71,'Khmelnytskyi oblast'),
 (72,'Aquitaine'),
 (73,'Małopolskie'),
 (75,'Atlántico'),
 (76,'Cordillera Administrative Region'),
 (77,'Caldas'),
 (78,'Centre'),
 (79,'Ceará'),
 (80,'North Chungcheong'),
 (81,'Manipur'),
 (82,'West Region'),
 (83,'Oslo'),
 (84,'Tasmania'),
 (85,'Trà Vinh'),
 (86,'Innlandet'),
 (87,'Mexico City'),
 (88,'Central Visayas'),
 (89,'KwaZulu-Natal'),
 (90,'Tuyên Quang'),
 (91,'Casanare'),
 (92,'Dōngběi'),
 (93,'New South Wales'),
 (94,'Gyeonggi'),
 (95,'Norte de Santander'),
 (96,'Nordland'),
 (97,'Vorarlberg'),
 (98,'Gorontalo'),
 (99,'Sindh'),
 (100,'Lampung'),
 (101,'Western Visayas'),
 (102,'North Island'),
 (103,'Lipetsk Oblast'),
 (104,'East Nusa Tenggara'),
 (105,'Coquimbo'),
 (106,'Free State'),
 (107,'Louisiana'),
 (108,'Opolskie'),
 (109,'Schleswig-Holstein'),
 (110,'Agder');
INSERT INTO "users" ("id","login","degree_id") VALUES (1,'mbeltzner0',3),
 (2,'bventam1',6),
 (3,'wgard2',5),
 (4,'hwhiteland3',2),
 (5,'sbaistow4',4),
 (6,'lgipp5',6),
 (7,'ibowkley6',6),
 (8,'ayaknov7',4),
 (9,'alimming8',3),
 (10,'lzieme9',2),
 (11,'eswettenhama',1),
 (12,'dslograveb',4),
 (13,'hmussottic',6),
 (14,'rkairnsd',5),
 (15,'acobbledicke',1),
 (16,'aarminf',4),
 (17,'jsealsg',6),
 (18,'efanninh',3),
 (19,'ldroni',4),
 (20,'cissacovj',2),
 (21,'rdoyk',3),
 (22,'gwreyl',4),
 (23,'rfitzroym',6),
 (24,'dpilkintonn',5),
 (25,'tdietzlero',3),
 (26,'lduncansonp',2),
 (27,'fshelsherq',6),
 (28,'ddumphryr',2),
 (29,'bwoodiers',2),
 (30,'mlungt',1),
 (31,'gpirouetu',2),
 (32,'dborhamv',4),
 (33,'ngarthw',6),
 (34,'dseldnerx',5),
 (35,'wstoecky',5),
 (36,'fjaffaz',2),
 (37,'alefeaver10',3),
 (38,'mchilds11',4),
 (39,'jfernando12',2),
 (40,'hberzen13',4),
 (41,'hmervyn14',2),
 (42,'tgiannasi15',2),
 (43,'oarpur16',4),
 (44,'tmistry17',4),
 (45,'dquaif18',5),
 (46,'lstellman19',5),
 (47,'hmcallen1a',5),
 (48,'lspelling1b',2),
 (49,'mworgan1c',6),
 (50,'bmeaney1d',4),
 (51,'mmerrydew1e',3),
 (52,'okitchiner1f',5),
 (53,'mcourteney1g',6),
 (54,'erilings1h',6),
 (55,'emcglue1i',2),
 (56,'jcrielly1j',2),
 (57,'cboissier1k',5),
 (58,'kormston1l',3),
 (59,'ckaemena1m',6),
 (60,'wsedgefield1n',1),
 (61,'egadie1o',3),
 (62,'mpayne1p',1),
 (63,'gmuneely1q',5),
 (64,'otuhy1r',3),
 (65,'hknowles1s',3),
 (66,'dslyman1t',1),
 (67,'esykora1u',5),
 (68,'efarmer1v',5),
 (69,'balderwick1w',4),
 (70,'glaville1x',3),
 (71,'vobrollachain1y',4),
 (72,'jthaim1z',2),
 (73,'lmulgrew20',1),
 (74,'hpattingson21',6),
 (75,'ljencey22',4),
 (76,'tizzat23',1),
 (77,'asurcombe24',5),
 (78,'tcancellor25',2),
 (79,'atison26',4),
 (80,'jcloney27',2),
 (81,'pbrea28',6),
 (82,'hlittrik29',6),
 (83,'zosullivan2a',3),
 (84,'tcumesky2b',2),
 (85,'nhancox2c',1),
 (86,'rplaskitt2d',1),
 (87,'vlenihan2e',4),
 (88,'fcrockett2f',2),
 (89,'lgladyer2g',5),
 (90,'mvandenvelden2h',6),
 (91,'lalbutt2i',5),
 (92,'cdoswell2j',4),
 (93,'ctewkesberrie2k',4),
 (94,'dblackaller2l',1),
 (95,'svayro2m',6),
 (96,'bpegden2n',6),
 (97,'zsmoth2o',3),
 (98,'bdyster2p',2),
 (99,'akinloch2q',6),
 (100,'jtomlins2r',2);
INSERT INTO "users_locations" ("user_id","location_id") VALUES (62,52),
 (21,47),
 (80,19),
 (81,56),
 (75,100),
 (20,42),
 (96,1),
 (44,48),
 (61,30),
 (65,73),
 (37,29),
 (4,69),
 (43,83),
 (25,37),
 (52,19),
 (72,57),
 (84,53),
 (27,94),
 (7,3),
 (78,29),
 (13,19),
 (53,6),
 (41,24),
 (48,84),
 (96,89),
 (85,10),
 (73,90),
 (60,49),
 (68,93),
 (72,44),
 (71,42),
 (100,10),
 (80,64),
 (22,69),
 (20,38),
 (1,82),
 (7,17),
 (97,37),
 (72,45),
 (67,16),
 (34,28),
 (27,84),
 (76,36),
 (88,56),
 (17,45),
 (22,34),
 (34,30),
 (45,34),
 (19,63),
 (3,7),
 (59,22),
 (57,58),
 (54,95),
 (8,80),
 (40,38),
 (76,19),
 (92,65),
 (70,94),
 (41,34),
 (78,64),
 (28,79),
 (83,7),
 (19,98),
 (67,39),
 (17,82),
 (76,33),
 (68,100),
 (69,93),
 (50,62),
 (22,32),
 (66,99),
 (1,43),
 (45,8),
 (39,71),
 (40,96),
 (43,95),
 (38,57),
 (85,84),
 (14,96),
 (28,1),
 (25,83),
 (75,63),
 (100,61),
 (26,92),
 (81,29),
 (20,78),
 (37,40),
 (65,6),
 (21,86),
 (78,22),
 (15,47),
 (18,5),
 (19,96),
 (8,87),
 (12,64),
 (20,52),
 (2,43),
 (99,14),
 (70,17),
 (52,24);
CREATE INDEX IF NOT EXISTS "degrees_name" ON "degrees" (
	"name"	ASC
);
CREATE INDEX IF NOT EXISTS "users_login" ON "users" (
	"login"	ASC
);
CREATE UNIQUE INDEX IF NOT EXISTS "users_locations_all" ON "users_locations" (
	"user_id"	ASC,
	"location_id"	ASC
);
COMMIT;
